<?xml version="1.0" encoding="UTF-8"?>
<project-private xmlns="http://www.netbeans.org/ns/project-private/1">
    <editor-bookmarks xmlns="http://www.netbeans.org/ns/editor-bookmarks/2" lastBookmarkId="0"/>
    <open-files xmlns="http://www.netbeans.org/ns/projectui-open-files/2">
        <group>
            <file>file:/C:/Users/henry/Documents/Henry%20Family%20Documents/Greg/Work/WGU/Software%202/SchedulingApplication/src/schedulingapplication/View_Controller/LoginScreenController.java</file>
            <file>file:/C:/Users/henry/Documents/Henry%20Family%20Documents/Greg/Work/WGU/Software%202/SchedulingApplication/src/schedulingapplication/View_Controller/AddAppointmentScreenController.java</file>
            <file>file:/C:/Users/henry/Documents/Henry%20Family%20Documents/Greg/Work/WGU/Software%202/SchedulingApplication/src/schedulingapplication/View_Controller/CalendarScreenController.java</file>
            <file>file:/C:/Users/henry/Documents/Henry%20Family%20Documents/Greg/Work/WGU/Software%202/SchedulingApplication/src/schedulingapplication/View_Controller/ModifyAppointmentScreenController.java</file>
        </group>
    </open-files>
</project-private>
